{"cameraMode":{"drawMode":0,"name":"Shaded","section":"Shading Mode"},"sceneLighting":true,"audioPlay":false,"sceneViewState":{"showFog":true,"showMaterialUpdate":false,"showSkybox":true,"showFlares":true,"showImageEffects":true,"showParticleSystems":true},"in2DMode":false,"pivot":{"x":-0.6632295846939087,"y":-0.424588143825531,"z":1.265252709388733},"rotation":{"x":-0.5138311386108398,"y":0.04037253186106682,"z":-0.02421768195927143,"w":-0.8565986752510071},"size":13.767452239990235,"orthographic":false}